Variant ID	Gene	Type	Your Data	Risk Version	Your Status	Condition	Evidence	VCV Accession	Canonical SPDI	Variant Name	Reference Allele	Candidate Risk Allele	Explicit Risk Allele	RCV Accessions	SCV Accessions
rs1985	LPIN2	SNV	T/A	Benign	Benign	not provided	Medium (R)	VCV000326546.6	NC_000018.10:2917224:T:A	NM_001375808.2(LPIN2):c.*3068A>T	T	A	False	['RCV000386096', 'RCV004709828']	['SCV000408378', 'SCV005247659']
rs7980	LPIN2	SNV	A/A	Benign	Benign	not provided	Medium (R)	VCV000326550.6	NC_000018.10:2917358:G:A	NM_001375808.2(LPIN2):c.*2934C>T	G	A	False	['RCV000306995', 'RCV004709829']	['SCV000408382', 'SCV005247660']
rs3810065	LPIN2	SNV	T/G	Benign	Benign	Majeed syndrome	Low (R)	VCV000326596.5	NC_000018.10:2919342:T:G	NM_001375808.2(LPIN2):c.*950A>C	T	G	False	['RCV000270702']	['SCV000408430']
rs607549	LPIN2	SNV	A/T	Benign	Benign	not provided	Medium (R)	VCV000326612.6	NC_000018.10:2919607:A:T	NM_001375808.2(LPIN2):c.*685T>A	A	T	False	['RCV000360188', 'RCV004709834']	['SCV000408446', 'SCV005247665']
rs16944040	LPIN2	SNV	T/G	Benign	Benign	not provided	Medium (R)	VCV000326614.6	NC_000018.10:2919635:T:G	NM_001375808.2(LPIN2):c.*657A>C	T	G	False	['RCV000302241', 'RCV004709835']	['SCV000408448', 'SCV005247666']
rs602233	LPIN2	SNV	G/T	Benign	Benign	not provided	Low (R)	VCV000676925.1	NC_000018.10:2927024:G:T	NM_001375808.2(LPIN2):c.1711-220C>A	G	T	False	['RCV000836395']	['SCV000978239']
rs7226624	LPIN2	SNV	C/T	Benign	Benign	not specified	Low (R)	VCV002628163.2	NC_000018.10:2954440:C:T	NM_001375808.2(LPIN2):c.288+63G>A	C	T	False	['RCV003391232']	['SCV004102075']
rs17881253	LPIN2	Indel	ID	Benign	Benign	not provided	Low (R)	VCV000676923.1	NC_000018.10:2960971:TATTAAT:T	NM_001375808.2(LPIN2):c.-9-128_-9-123del	TATTAAT	T	False	['RCV000836393']	['SCV000978237']
rs652587	LPIN2	SNV	T/A	Benign	Benign	not provided	Low (R)	VCV000676922.1	NC_000018.10:2961034:T:A	NM_001375808.2(LPIN2):c.-9-186A>T	T	A	False	['RCV000836392']	['SCV000978236']
